latitude,longitude,altitude,geometry,name,details,summary
67.79535446,-25.65218837,0,Point,competent_hellman,Eiusmod excepteur sint laboris esse ea.,sum invented sometime stood happen thank order heard cost hand met method charge palace adult line wife poetry pride
4.60996105,103.84051488,0,Point,pensive_hypatia,Nulla est culpa ad eiusmod quis pariatur reprehenderit et.,equipment duty equipment tree definition thick hall those measure middle toward crack music show stomach is worth store process
-49.22902718,-39.87266794,0,Point,elegant_poitras,Exercitation et ad occaecat exercitation laboris nisi id magna est proident officia ad.,road highway together everybody earn ought church leaf fighting throat curious more source rod chair gain sleep oxygen appearance
-2.86912502,-76.76180625,0,Point,priceless_carson,Anim sint ad id ea.,nature clock clay by sit brought refused biggest queen entire aboard music problem told raw jungle tune gather seat
-20.82437576,-15.14972151,0,Point,vigorous_snyder,Deserunt dolore ipsum id anim amet amet consectetur anim incididunt non do quis.,afternoon sun ready do six learn blue nose afternoon largest hard carbon quietly object wore gave bag late way
-68.92046868,115.52129289,0,Point,agitated_herschel,Cupidatat ut consectetur consectetur pariatur amet nisi esse exercitation amet aute.,brown wait death crew laid leaf after raw extra finger again joy poet took picture rubber world little planning
64.69904454,63.21016316,0,Point,ecstatic_ellis,Commodo proident ex dolore dolore commodo ipsum occaecat aliqua qui.,remain reach bare rest week had balloon anywhere remarkable radio teeth this burst bow sheep meant unknown ball ten
16.36472786,-140.92121622,0,Point,naughty_wescoff,Proident reprehenderit adipisicing reprehenderit adipisicing aute incididunt.,ring grow mostly adventure hungry wind pictured potatoes somebody few melted you lose deeply planned crowd lost school meet
8.92685639,-35.26969059,0,Point,objective_kapitsa,Laborum culpa esse magna deserunt commodo occaecat Lorem exercitation duis elit Lorem commodo amet enim.,swam television chart behavior mass nuts production congress twice am aid cause chair selection does prevent lead church imagine
26.98224872,-104.78426491,0,Point,sharp_antonelli,Nostrud est occaecat tempor qui exercitation laboris reprehenderit elit elit officia nulla minim tempor.,breath scientist something invented settle impossible itself wagon brought fine broken supply office knife burst useful six bowl fought
24.25909742,1.72264226,0,Point,quirky_saha,Voluptate nisi proident eiusmod veniam aliqua nostrud laboris laboris veniam qui eiusmod Lorem minim.,end able run citizen war ruler shade may explore great science law vowel box usual merely command famous over
78.89869603,-137.04324022,0,Point,unruffled_hugle,Culpa excepteur nostrud nulla reprehenderit ex nostrud excepteur velit ex.,tent wire uncle lonely adult trick upward clean locate teacher gently experience as touch potatoes snow growth then shelter
26.03052669,117.24397211,0,Point,frosty_moore,Id ea esse adipisicing esse nulla proident.,deeply nature value ice wheat top sweet warm operation magic highest cost widely copper east any driven these tight
-10.74150716,-164.01310316,0,Point,serene_blackburn,Labore irure enim ex eiusmod sunt.,color map bee stand dawn capital require clear page war harder laid top plan scientist pleasant without wall corn
34.73019061,-175.65781603,0,Point,brave_moore,Anim non irure pariatur mollit amet duis exercitation cillum.,sign beauty rising combine gas experience its temperature horn least supply radio gather famous solve enter worker situation eventually
-7.79403860,155.70155510,0,Point,pensive_heyrovsky,Eu culpa non pariatur cillum commodo.,fastened foreign victory bad flow grabbed trip evening sort basket sick breeze queen screen disappear strength separate plenty final
-68.86370592,162.84941789,0,Point,inspiring_elgamal,Eu sunt officia duis cupidatat labore aute do dolore incididunt nulla laborum adipisicing.,wonderful whole adult machine opportunity wherever twelve pen fence problem solid studying exact talk merely harbor stared farm particularly
-35.31388619,-155.54042272,0,Point,adoring_mahavira,Et elit deserunt nisi veniam nostrud.,our shade dry eight owner verb forward answer tight metal any naturally nor suit finish total breakfast return giving
-46.35230863,-50.81259327,0,Point,fervent_dewdney,Qui nostrud irure incididunt culpa nisi officia in commodo minim in pariatur nulla.,fully told everything gone taken familiar mean merely shore me hand mass statement tears rod case fallen harder trick
-7.52336137,-58.15097911,0,Point,trusting_perlman,Magna officia Lorem do esse dolor pariatur consequat sit do exercitation cillum fugiat.,bean accident difficult label not third happily everywhere likely addition industrial whispered size kind his design chose each done
-80.58806475,-177.33842331,0,Point,elastic_keller,Commodo voluptate aliqua excepteur adipisicing enim cillum.,piece perhaps summer tide gate write read nodded syllable bit ill chemical old calm alike special door sale within
31.51630312,145.75193518,0,Point,affectionate_chaum,Sint ullamco magna sit dolor esse deserunt incididunt enim amet tempor minim.,drawn bottle path rhyme call hall equipment whose halfway planning chicken lesson jar plural divide catch once fruit thee
8.03706053,-100.49508408,0,Point,eager_keldysh,Consequat elit laborum veniam aliquip.,wild running discuss needle finger coach repeat larger sold record section remain another process hill steady roll planned were
76.20183130,-168.93800291,0,Point,jovial_lalande,Commodo officia quis laboris cillum id laboris enim elit Lorem consequat exercitation sint est voluptate.,asleep foot season her sitting triangle physical stuck production author plastic region close thank remarkable along claws milk blank
-60.82539634,-95.60002319,0,Point,compassionate_mayer,Magna irure fugiat ad dolore do ex irure aute ad ea exercitation labore in irure.,cave seven sometime fruit source worker flew light fix cross wire below touch raw nearer concerned drawn nearby drove
11.62371160,-168.77014211,0,Point,quirky_fermat,Quis et quis velit deserunt est esse.,oldest glad locate after instead water noun individual city won scale growth likely clock blew go loss curve discovery
46.49042284,87.60497095,0,Point,silly_goldberg,Voluptate reprehenderit ad labore nisi nostrud magna ea pariatur do ullamco.,inch slow kind correctly told root review leg same between together accurate keep him influence fallen highway quiet whether
83.36063672,-103.92102571,0,Point,frosty_wing,Labore culpa labore sit mollit nisi sint voluptate occaecat consectetur eiusmod nostrud cillum.,away deep sign reason bend supply substance again birthday nodded exactly college plain shake husband nearly magic sign bigger
27.19036425,-59.50734028,0,Point,wonderful_einstein,Deserunt commodo officia ea duis cupidatat et quis id ea cillum exercitation do.,topic sharp thirty far strength person bring week nature crew glass process pressure shot vote development old into dropped
17.21878575,179.31157959,0,Point,gallant_taussig,Velit sunt tempor Lorem quis elit occaecat consequat ipsum dolor nostrud non incididunt.,plenty breathe muscle nice order manufacturing animal upon press positive frame think soil cookies citizen task are bank shoe
79.20798950,-77.79395765,0,Point,vigorous_mclean,Minim eu dolor nostrud laborum irure pariatur nisi eu esse nisi eiusmod.,percent evening hay our tax layers park tight mix aboard else respect search whale improve everything someone tin difference
87.59452616,-75.98479710,0,Point,optimistic_stonebraker,Dolore consectetur et irure cupidatat laborum veniam commodo incididunt.,hit no could wrote habit theory president castle poem current fix themselves lesson feet save beneath fair snake team
-80.18720039,-164.74613276,0,Point,practical_shtern,Quis eu exercitation consequat excepteur dolore officia officia adipisicing ut anim aute veniam.,caught ready yes show tail to remember little plain national gas process tide said stick eaten someone will year
-26.35260450,14.31600271,0,Point,elegant_einstein,Magna magna magna enim officia aliqua ad aliquip velit aliquip cillum eu enim deserunt.,according vote push simply state government full buffalo its mood having alphabet please image rays choice already shine fast
18.40397979,74.64361582,0,Point,trusting_bose,In irure consectetur aute nisi aute id nulla est amet.,gave even plate history tape meal young court old mostly dozen bound stranger round your may student swimming welcome
-54.97016473,-91.84181827,0,Point,epic_haibt,Sit aute aute laboris cupidatat mollit non excepteur eiusmod ullamco cillum proident mollit do tempor.,pond station meet dish kitchen sugar character flag swimming additional realize sale brief plate twenty nearer because power cotton
-53.27328974,124.35718537,0,Point,pensive_brown,Commodo aliqua adipisicing deserunt cillum elit veniam est amet in fugiat mollit.,moving fact figure nearly produce religious rest doing cattle step cover somehow simply pull large operation thread shot parallel
22.19101941,91.84825552,0,Point,sweet_noether,Ullamco exercitation velit veniam consectetur ea magna non magna irure esse aliqua minim amet id.,lesson consonant knife distant bone rush planning certain hospital west slipped world element cause slope central meat model market
18.68625153,56.63084915,0,Point,gifted_dewdney,Minim sint consectetur dolor anim eu quis dolore tempor deserunt sint.,largest meet solve sight fireplace milk peace valuable shaking student method wish noted fair shade pot writer struggle detail
2.25006433,128.14434996,0,Point,adoring_ptolemy,Sint duis aliquip dolor cupidatat do anim ex consequat.,wrong were combine split anything brother eaten flow alive many chemical curious part additional still piano was difficulty scene
-15.52458166,-90.80289880,0,Point,elated_wozniak,Voluptate sint consectetur irure fugiat magna pariatur do sint.,location fellow chart fight pick alphabet refused took writer pound verb example selection fox minerals test cost excellent numeral
69.39584841,-172.35464455,0,Point,awesome_merkle,Eu proident nostrud sunt laborum irure.,especially radio exclaimed coffee however already continued weigh broken suddenly palace action tie know mad off question running between
-38.93403697,-174.73309459,0,Point,pedantic_mccarthy,Ad dolore anim dolore id eiusmod ipsum quis pariatur esse reprehenderit laborum nisi.,shout huge fruit tone teeth porch both bottle purpose highest settle bone realize daily throat share including saved fun
14.67823225,-169.78288307,0,Point,jovial_kirch,Tempor deserunt nulla sunt exercitation proident cupidatat culpa magna dolor adipisicing ex do.,better read silk year shade couple blind worse band near thy bell score natural lying connected led middle hay
-32.91420343,82.37939197,0,Point,frosty_jackson,Aute dolore et laboris esse.,position cowboy gun notice needs movement powerful yet electric worse loss none not doing clock pass winter purpose birds
56.14272762,-67.54558918,0,Point,nifty_mcnulty,Laborum qui pariatur excepteur amet.,screen package ran region into cage sight him brick kids laid balance greatly ten understanding stick anybody smoke tax
18.37996698,-151.87282720,0,Point,silly_wright,Cupidatat id occaecat ullamco mollit laborum tempor minim minim veniam non dolore voluptate elit sit.,farther zulu its kind lungs glad firm experience force evidence slip fairly helpful shout treated office tired excited poor
52.40133306,31.06175158,0,Point,eloquent_dewdney,Labore velit sunt labore irure quis nisi quis.,fix page loss income fed slight mix remarkable thy any origin arm surrounded gravity step more moving dropped describe
-34.06099084,-49.19914152,0,Point,sleepy_ishizaka,Tempor cillum tempor voluptate ea pariatur labore enim mollit dolor consectetur aliquip voluptate nostrud.,trouble while or affect theory zoo balance forward become eleven sentence adjective ability liquid live exchange border present slipped
-58.24643174,-56.95837791,0,Point,objective_jepsen,Ad anim exercitation qui commodo minim cillum sunt deserunt irure enim id.,keep tropical heart young beautiful greatly live fix attention finish bark alphabet flame larger think freedom pick strange family
56.80840453,-11.86519662,0,Point,determined_hopper,Qui cillum cupidatat est occaecat do nulla elit ex consequat est ad ex eu.,buried brought alone gate citizen solar concerned cover bark hide zoo thee practice cutting mouse herd pencil learn before
-12.05157641,-136.98983985,0,Point,festive_rubin,Duis eiusmod dolore ex pariatur cupidatat.,needs jump passage seed stage larger palace sing force trouble meet syllable system mirror his plane score welcome terrible
-28.65661897,-111.32107298,0,Point,blissful_banzai,Aute commodo veniam deserunt mollit deserunt.,seeing color garage worried thee life pool boat sun tent hope roll lay poor tax soon grow about settle
11.66763444,61.92124749,0,Point,sad_hellman,Proident aliquip amet aliqua minim dolor laboris duis dolor pariatur.,want written language drink sharp surprise model wave manufacturing slip action blanket these farm growth broke laid face combine
82.73341973,-39.33855528,0,Point,loving_payne,Ex non deserunt mollit ex tempor sint exercitation excepteur sunt deserunt ut adipisicing.,expect diagram involved area anything tightly point must atom writing rush voyage using badly immediately union food importance six
-5.18872935,166.23521237,0,Point,epic_lamarr,Cillum amet exercitation ullamco incididunt excepteur anim duis.,locate impossible nearby funny industrial house perfectly grew whether age active pack whenever strange meant man soap crowd perfect
59.82668810,1.12789812,0,Point,suspicious_bhabha,Aute labore nulla ullamco eu labore reprehenderit.,divide sea touch my sharp other doubt next quite constantly frame everybody gather hundred age because sail grade bicycle
-77.99603564,28.99874389,0,Point,musing_chaplygin,Sunt quis dolore nulla eiusmod consectetur laborum ullamco ex qui velit do adipisicing do.,first myself easily girl success men express so plant including teach influence recently sudden solar widely part respect living
6.40143818,67.49185848,0,Point,elastic_pasteur,Ullamco ut labore nostrud consequat elit velit consequat fugiat.,single home bare alone man noun factor tongue pure universe jet lake fog primitive nice structure knife knife review
-10.74658807,97.13512168,0,Point,upbeat_clarke,Aliquip voluptate ipsum nostrud velit officia amet.,test union turn every card chamber influence team carried smallest thin atmosphere shelter cast above mud sort shoulder zipper
21.84217508,38.40665894,0,Point,dazzling_newton,Dolore tempor quis nisi incididunt sint excepteur consequat exercitation velit ad veniam.,occasionally thread orbit straw industrial ourselves into tide are foot station effort kind could loud rough place probably second
-63.58035365,-13.66641659,0,Point,nervous_goodall,Dolore non quis consequat Lorem laboris consequat excepteur qui.,another gun point mountain lucky nobody battle plural inside still pull buy goose plan full being shown congress particularly
-67.86448626,140.08869133,0,Point,trusting_brattain,Est velit est sint labore officia qui anim.,skin frog slabs right combination solve deeply six cotton thus body sad least like men race slide trap theory
-67.45401297,-65.74772613,0,Point,tender_boyd,Laborum eiusmod commodo quis Lorem ut adipisicing irure laboris aliquip.,after material rocky grain special popular unknown me land sad prepare pick surface opportunity rock social are minute cut
26.64690556,-141.51333809,0,Point,jovial_northcutt,Magna consequat ullamco et est nulla adipisicing labore ipsum laboris.,select done pencil pony finest save hide plenty bound pick blood nails claws extra color wool rock trail brick
58.22201451,168.82428259,0,Point,upbeat_carson,Magna eiusmod ut exercitation aliqua id commodo.,character harbor atomic minute folks basis immediately mile difference magic great silent wave hope anything meet dance dance pocket
-40.16245803,128.16800349,0,Point,reverent_blackburn,Elit laborum nulla eu irure incididunt deserunt ea ut.,noted kind seldom spell machinery knife long dawn correctly fence track kind world board brain forth correct raw trade
8.97907601,-53.66739411,0,Point,compassionate_vaughan,Ad amet dolor officia enim commodo ex ullamco.,create into fairly national slip wool house heading shorter fine shelter principle whatever went which temperature great however liquid
-10.49788069,2.76084583,0,Point,quirky_turing,Est nostrud sunt tempor minim cillum.,related brown somebody double percent cap symbol mysterious purpose lot many ball outer signal desk universe moon canal grown
75.61133978,-174.49188915,0,Point,gracious_kapitsa,Cillum ea esse et quis pariatur qui aute fugiat est irure id.,pressure men lack old jump electric tone hello leaving next goes total easy movie suppose closely wrapped flies alike
60.76184683,-137.44635578,0,Point,charming_kapitsa,Nostrud adipisicing ad nostrud proident.,needle step stepped merely bright shore might worried volume ten toy into citizen sets zero using image crew branch
-22.26126607,43.99637515,0,Point,cranky_elgamal,Do pariatur sint exercitation ad quis commodo velit aliqua duis do anim ex.,my halfway mix green radio dear wooden entire shot separate art home section rear community southern nails kind street
76.99298813,-153.03822793,0,Point,brave_allen,Consectetur ex aute ea duis.,blind third deeply keep balloon elephant dangerous comfortable about size happened everybody oxygen medicine question bee press numeral door
4.05213839,-104.61629784,0,Point,hardcore_lewin,Sint ea tempor excepteur incididunt non commodo ea ea pariatur exercitation.,applied spread cut week piano slightly bone basis beneath card anyway nearer egg lower sun function however respect my
60.83555497,-108.48699358,0,Point,sharp_gagarin,Deserunt ipsum dolore anim et nostrud exercitation consequat aliqua labore deserunt Lorem aute quis.,likely yellow slope about judge product century adjective process bring today accept thousand organization remember mud factor sink program
31.02027219,-109.07525347,0,Point,affectionate_maxwell,Enim exercitation occaecat velit dolore esse sint consequat occaecat aliquip dolore irure velit.,remember hollow club soon rear shape its roar pie happy do nor teacher scientific serve teach beyond system wagon
-1.61025528,41.95982696,0,Point,charming_swartz,Minim anim commodo eu proident Lorem proident consequat ut sunt laboris.,ourselves happen decide birds fall about bare page military charge are school country ring wrapped atomic ago paragraph machinery
-10.28816639,78.96062238,0,Point,gallant_hofstadter,Esse deserunt ex aliqua commodo nulla aute.,baby reach hunt egg explore neck through afraid whole adjective take simply general exclaimed supper copy lost victory clock
41.44234364,89.21279931,0,Point,relaxed_shockley,Nisi cillum ipsum dolor occaecat amet sit est elit dolor.,compound necessary especially actual forgotten angry sell slowly action lie represent either lift shelter four herd practice part stepped
33.97891899,-91.67647673,0,Point,sharp_shockley,Esse exercitation laboris sit minim laborum laborum eiusmod aute esse nisi commodo id minim.,wood comfortable principal entire touch paper too step mysterious flower tribe silly shall north high highway shoulder circus passage
-78.36977652,53.83927491,0,Point,kind_mirzakhani,Eu nisi sunt eiusmod aliqua velit.,full gift chose motion double we army basis list idea become lift welcome old buried doubt buried bread ship
61.14918511,-176.03134038,0,Point,frosty_lovelace,Ex do reprehenderit nostrud ea esse cupidatat reprehenderit eu fugiat sit officia ea dolore.,stove blind label mistake eleven find degree wheat tonight stairs additional just stuck straight held environment seeing here military
7.84864406,-20.56783734,0,Point,recursing_cocks,Sunt magna magna veniam ea laboris minim pariatur eiusmod laborum ipsum qui incididunt nostrud.,shown summer key properly simplest bowl from said kitchen agree stock identity make seen ahead supply certain master mysterious
33.88799942,127.63170781,0,Point,pedantic_turing,Nulla fugiat ex irure voluptate eu magna.,glass value active rise hair score political matter contrast further citizen fix poor there curious burst likely daughter seat
-86.54712968,-31.70022809,0,Point,friendly_panini,Exercitation dolore dolore exercitation ad nulla ex sunt ex reprehenderit officia.,sure breath rope but instrument till own rubbed exactly hunt follow vapor depend real aware shout manner conversation grow
46.76219092,153.39831353,0,Point,thirsty_shannon,Nulla aute officia labore nisi proident tempor consequat ut esse velit.,forth ever automobile lead able ate love verb strength member save garage being shaking both before hundred care kind
-66.50553462,-116.38243707,0,Point,sharp_kapitsa,Tempor dolor magna officia eu id aliqua magna deserunt mollit reprehenderit minim dolore ut minim.,piece half warm month breath you band above over dangerous raise observe baseball dinner grade foreign pie probably donkey
2.08579228,-110.25571886,0,Point,infallible_bartik,Ex sunt dolor voluptate ipsum adipisicing qui sint mollit exercitation culpa amet esse mollit Lorem.,month smooth border movement exciting meal zero people date yourself box husband entire vertical hot rapidly weight talk imagine
18.09205124,-60.43183502,0,Point,gifted_lehmann,Ullamco pariatur adipisicing ullamco pariatur et.,before school police old serve fix white eager drop from tower think coffee evening speech immediately treated building lift
-8.30634689,128.63706940,0,Point,adoring_kalam,Dolor amet deserunt nulla sunt id occaecat anim non magna labore nisi.,composed powder magnet slide fort seat raise escape passage voyage brick largest rhythm older brought pen dinner tail rich
76.12710497,0.15106634,0,Point,xenodochial_mclean,Dolore minim reprehenderit est irure Lorem veniam cillum incididunt ea nulla.,guard month loud nobody sick beautiful bear field meat voice happily scared fuel religious news glad largest equally design
47.31452823,-173.48909770,0,Point,modest_archimedes,Non incididunt culpa deserunt velit tempor sunt ipsum incididunt.,save given sudden shake slight film cent vessels material chest separate make solution time source feathers view enemy total
-7.11420805,8.88876068,0,Point,friendly_lamport,Fugiat deserunt tempor dolore qui sit magna consequat.,railroad plenty location environment free store court unknown tobacco bus mission tea pipe rabbit speech thick pet mostly rush
34.80687841,-61.34186553,0,Point,confident_booth,Do adipisicing sint nostrud cillum officia nisi eu consequat ad.,conversation afternoon talk available consider pleasant stick giving master refused left attention exercise itself garden strong pure copy beside
-18.10478629,-55.63829249,0,Point,agitated_banzai,Ad velit mollit duis duis ad aliquip eiusmod.,musical neighborhood stepped hit southern twenty late community begun spite happen jar harbor later block willing pattern frequently flew
-48.92352936,24.08134482,0,Point,happy_goldstine,Laboris est quis ex et eiusmod deserunt occaecat eu nisi cupidatat.,higher magic local well late color gave buy pen exclaimed aware movement variety hurt facing clothing arm indicate reason
46.91269374,93.34249076,0,Point,sad_hypatia,Aute fugiat eiusmod excepteur Lorem magna excepteur.,produce this horse bill wooden corn atom had mail captain bee this congress move throat paragraph daughter leather made
-84.58837598,66.08005051,0,Point,gifted_tesla,Cillum magna nostrud veniam voluptate esse minim anim ex ullamco.,love wool raw game early receive adjective maybe rough substance lot seldom seeing primitive what flat none molecular swimming
22.48860480,-142.64027659,0,Point,nifty_mclean,Qui ad culpa consectetur enim ullamco ullamco sit do ex consectetur officia.,reach buffalo straw giant wore show replied turn pine cloud lay we worth chain dress noon familiar had tales
31.06349465,-129.31142712,0,Point,silly_hodgkin,Adipisicing consequat officia aute aliqua dolor mollit nostrud consectetur eu qui esse officia.,history adventure rapidly expression thread sides suddenly sand straight felt list thread spoken newspaper substance compass stepped funny saw
-3.19014172,31.95346187,0,Point,compassionate_lichterman,Esse non commodo dolor proident ea amet in velit est sunt mollit sunt commodo do.,fully although observe who girl city law book lonely extra being half sense card pitch upward nails chief best
48.96434086,149.51585934,0,Point,laughing_goodall,Magna nostrud aute minim dolore esse eiusmod quis eiusmod amet quis aute enim laboris.,pink ball naturally eleven sum desert gravity weigh brush musical post golden proper sold brother salt nervous military me
9.79550206,139.59210504,0,Point,upbeat_brown,Ea et amet exercitation consequat labore aliqua reprehenderit labore Lorem sint ex ex commodo eiusmod.,simply new start dried sheep wide point once seldom rays believed leader evening dozen mathematics arm colony station hunter
-12.55582768,-107.57835385,0,Point,festive_solomon,Cillum nulla velit cupidatat voluptate labore.,grass slip shore call sweet railroad office thrown during flow particles salt believed comfortable garden slipped for take badly
74.29339259,-71.17388885,0,Point,sad_wilson,Deserunt duis pariatur nostrud ut labore voluptate est.,line frighten popular wood valley fur topic drive poet month state roar stage pound steam made system breakfast shirt
-41.45334407,178.98119161,0,Point,frosty_galois,Duis minim Lorem pariatur eu.,soil naturally happen deal feature value merely certainly foot until recently layers involved operation finally dinner location making life
-8.52164726,21.51648288,0,Point,unruffled_galois,Qui ipsum aliquip cillum laboris ad id.,best tower skill toward railroad describe continent century battle primitive raw smile milk feed took reach wife month port
-31.27390669,-72.07725546,0,Point,hardcore_clarke,Tempor aute irure tempor incididunt mollit nulla.,top flow avoid kept honor steady television agree tears middle lower join women off national from pipe report feed
-75.85602138,8.53448222,0,Point,confident_euler,Anim veniam magna elit duis dolore magna exercitation minim velit velit et aliqua cillum aliqua.,ride film independent clearly topic needle sight couple gone seat swung breath simple corn seldom bicycle show cowboy guess
7.18242548,28.96542357,0,Point,laughing_hawking,Sunt cillum eiusmod labore voluptate laborum magna Lorem esse.,fat grew start safety bend avoid couple north herself factory definition enjoy heart finish jungle disappear whether skill pour
-11.61561881,-5.44944952,0,Point,friendly_galois,Est fugiat fugiat deserunt nisi pariatur.,above characteristic voice honor since younger cap second mysterious strength composition fastened development comfortable vast leaf problem thin across
-47.72189235,-4.04866566,0,Point,infallible_perlman,Cillum reprehenderit proident Lorem laborum elit consectetur aute excepteur Lorem est quis ut sit.,dream pay purple possibly five correct spin earn fed wash mostly pool meant special control early with spoken feed
55.95976479,-173.69140332,0,Point,charming_hugle,Do dolore aliqua magna qui qui amet laborum proident consequat anim minim do.,with except construction herself straw frequently more establish underline morning weigh angle society saddle oxygen audience said bright sunlight
-49.81943660,108.99874135,0,Point,hardcore_davinci,Ipsum enim occaecat exercitation cillum proident consequat pariatur nostrud.,swept adjective glass sport mile pure take energy leaving hot location month likely than flower sense beginning anywhere horse
18.85389055,-26.84652896,0,Point,jolly_austin,Ea esse proident non exercitation dolor ipsum in nulla ea excepteur nulla sit ipsum non.,vowel pick together clear given string track heat depend table local policeman many stuck quickly cold per classroom whistle
-73.97716693,17.98073499,0,Point,blissful_thompson,Reprehenderit labore laborum ad velit ad commodo eiusmod dolor excepteur elit voluptate.,ahead distance gun gold direction before whale joy movement field poet nuts apartment pet pleasant who apart chain swam
-55.92681203,102.07507980,0,Point,friendly_aryabhata,Amet deserunt in qui ad ex deserunt incididunt incididunt.,cup doing cast have course end popular blank body pen basic warm buffalo wind actually seeing stomach clothing meant
-42.65835928,-11.76521257,0,Point,zen_burnell,Do culpa sit officia ex esse eu ipsum et anim ea elit.,egg shelter giving elephant lion swimming brass movie stared police claws massage teeth won essential pressure other alike count
-58.63321999,-162.10259874,0,Point,friendly_yonath,Labore do aliqua tempor et Lorem nisi proident.,paint properly win began rising sides speak union early sang feathers native understanding old sang milk garage pool middle
43.10660459,-83.20903285,0,Point,serene_sinoussi,Cillum laboris esse occaecat nisi non amet consequat excepteur excepteur.,running spread relationship major skin wrapped with interior team push pupil blanket garden badly slope instance walk duty brought
19.04817846,128.68376650,0,Point,suspicious_johnson,Enim velit mollit reprehenderit mollit labore minim sint elit eiusmod.,interior stove build fun driving applied point too motor depend loss regular immediately successful plan half brick train look
75.11892197,96.01367796,0,Point,cool_stonebraker,Amet ea minim culpa nisi pariatur dolor.,flies mixture topic bush was attack gain talk sides laugh traffic soil steel angry below cattle directly sight teacher
41.60751855,81.27549861,0,Point,jolly_burnell,Anim reprehenderit elit mollit culpa cillum ut ullamco ullamco.,lack eventually create eye however explain tongue wheel journey stream tomorrow warm sweet along combine is slowly happened quick
-59.40047051,-151.28627321,0,Point,pedantic_pare,Proident veniam sit Lorem aliqua.,he dance market unless hung bite separate hill believed thus cow nest soap kill gather baby secret coal out
39.26395987,29.69367515,0,Point,practical_rosalind,Incididunt proident quis nostrud deserunt dolor cupidatat qui sit veniam cillum consequat eiusmod.,pig supper atomic start family wide no worried ancient once safe again none setting round level wherever shut wave
83.41394629,77.81320789,0,Point,heuristic_ganguly,Pariatur quis Lorem ipsum exercitation dolor voluptate id labore.,flow burn affect certain seems rope around tropical enemy hearing cookies gone fight sad blood clothes baby merely record
6.34331076,-162.42705843,0,Point,magical_haibt,Occaecat sunt nisi incididunt aliqua minim aliqua ex ea proident sunt culpa deserunt labore.,closely rest universe becoming have change production brought dark climate therefore action dinner history smooth die show mud torn
-20.28129327,37.61192790,0,Point,hungry_tereshkova,Duis ullamco irure voluptate reprehenderit.,lead same writing forth carry sum sure per mine clearly eight garden bent strange provide easy dawn middle lift
-59.13565205,-117.81860656,0,Point,competent_goodall,Quis laborum aliquip eu ad non sint sit excepteur amet Lorem consectetur adipisicing.,imagine something statement deer leader original tone least chapter sky tent may heavy lie lovely due motion cloth operation
-47.04053374,79.50904731,0,Point,gracious_sanderson,Nulla qui irure aliqua cupidatat veniam et velit labore incididunt proident quis laborum nisi labore.,natural supply mean ring directly shown yesterday someone completely trouble solar court right handle foot found importance your entirely
-83.79150581,-14.53007945,0,Point,compassionate_bose,Duis deserunt eu laboris elit adipisicing.,manufacturing edge moving problem most spite social night lower end pattern rice with exactly date breathing dog arrangement hall
-1.64563414,-148.17952642,0,Point,adoring_pascal,Exercitation qui sunt est ex cupidatat duis sint ullamco adipisicing velit non amet quis.,selection dropped liquid salmon planning characteristic disappear tea complex above refer diameter traffic machine party fifteen gather unusual remove
8.13729245,-13.79119268,0,Point,distracted_brahmagupta,Duis deserunt ipsum ex cupidatat in laborum.,threw program danger probably material quickly load steep tool step race day across feet ride spite changing porch cause
19.97570018,117.64499432,0,Point,suspicious_jackson,Elit non commodo ex elit adipisicing aute ullamco.,fair surrounded course recall cheese eaten save whole husband object doll boat station frighten terrible difficulty addition company instant
21.60770112,-54.02375724,0,Point,wonderful_margulis,Amet ullamco exercitation eiusmod non irure qui quis deserunt nulla.,no base duty space cause easy shaking everything hair shake shown rice railroad unit pure car fence plenty average
32.00336508,132.02488829,0,Point,zen_volhard,Aliqua ut eu minim id voluptate commodo ipsum nostrud magna.,factory popular spoken lake concerned hot everywhere wild piano poem at air fight circle bear familiar molecular throughout taken
44.72012119,-53.41081802,0,Point,serene_hermann,Ad Lorem minim aute tempor quis anim ex fugiat non sunt nisi est officia.,business eager baseball wonder master week means population coast wind turn moving expect model thing here master mad speak
-34.33232048,-14.02787575,0,Point,focused_moore,Cupidatat ut sit laboris aliqua laboris laborum elit est cillum laborum do irure Lorem.,human parent fear satisfied sick bill whatever man molecular sink mice she suit mathematics shade ill friend having popular
-53.72691429,22.64525715,0,Point,kind_borg,Dolore in consequat nisi labore esse veniam aute ea in laboris reprehenderit.,stretch egg halfway some atomic smile pleasant canal behavior today watch bend next chief former globe fill star shut
-32.99976959,85.87509911,0,Point,brave_liskov,Nulla do aliquip labore amet ex ex reprehenderit ad ipsum ut ex tempor.,meat keep board telephone due it largest window lack burn origin slabs wish breeze add nuts opposite branch nature
27.66720111,-147.19292093,0,Point,reverent_mendel,Minim ullamco amet dolore fugiat velit tempor fugiat.,spirit family as organized available occur thousand successful instance slight writing famous hunter parent include plan pour parallel fifteen
-51.98230557,85.65554544,0,Point,gifted_goldstine,Sit occaecat est duis exercitation esse reprehenderit sint do ipsum excepteur reprehenderit.,bridge die strange sand us bridge opportunity rice port information us did held crowd daily change date still somewhere
-6.30515577,-151.11856075,0,Point,cranky_pascal,Cupidatat voluptate consequat culpa quis anim commodo ex fugiat elit ullamco cillum nostrud.,quick mistake report forty move crop review fifteen complete spite giant population matter over shake doubt consider tightly zebra
10.63758419,-146.08501364,0,Point,agitated_blackwell,Incididunt eiusmod mollit officia amet nisi minim exercitation irure.,perfectly bicycle taste rising plural atmosphere office prepare leave sure married stronger get missing cage broken compass anyone triangle
-56.09586839,84.03631735,0,Point,tender_sutherland,Ad proident id sint ea minim ad consequat tempor consectetur reprehenderit labore aliquip.,though table captain sun shop dozen dig silk shinning grass family gravity weak catch separate soon railroad fierce interest
-65.20689927,140.59111520,0,Point,adoring_swirles,Incididunt ex laborum sunt officia laboris eu amet sunt consectetur excepteur ullamco eiusmod sint.,base desert wool right judge clothing river closely bottle welcome gently climb failed loud shadow tiny shoot bow earn
-25.66057568,-78.07611979,0,Point,amazing_poitras,Lorem quis excepteur tempor enim excepteur ullamco deserunt laboris proident incididunt.,ordinary camera value funny cowboy military winter section ahead show climb date complex definition blank highest weather against shoe
-85.24657345,-86.17527874,0,Point,lucid_thompson,Anim irure incididunt excepteur tempor labore ipsum.,ride sure shoulder remember mine vowel more pig usual happy rice fourth stared several primitive especially wet enjoy badly
-61.45204641,-85.13846177,0,Point,sad_lehmann,Laboris nostrud sint adipisicing dolor nisi et sit consequat ex cupidatat deserunt.,useful outline move type impossible dull subject shorter medicine die whatever newspaper down list attention supply truth although powerful
15.01957068,70.02344270,0,Point,heuristic_tesla,Aute occaecat ea laborum pariatur dolor consectetur dolor.,service teach slept satisfied over leave nice harbor doing send type pass across center zoo gave equal post spider
80.27459269,24.53366504,0,Point,cranky_zhukovsky,Ipsum quis cupidatat sint qui incididunt et anim nulla ut amet officia excepteur minim enim.,trunk tail importance gift idea sheep selection service adjective two adjective string particularly change finally nodded is barn fat
24.11035781,-8.02300414,0,Point,vigilant_heisenberg,Reprehenderit eiusmod elit tempor aliqua exercitation amet amet culpa nostrud culpa in sint mollit.,correct movie walk column phrase good seems mass youth most industry social fifth finger contain minute angry sell sentence
53.95027825,-69.31093420,0,Point,elated_bose,Consectetur occaecat est consequat deserunt laboris ullamco proident aute et dolore veniam.,airplane running coast decide independent force exciting enter supper equally farmer according roll neck were damage account thank maybe
11.50383975,-175.86128955,0,Point,gracious_yonath,Sunt proident Lorem voluptate eiusmod cupidatat duis aute.,unusual ocean course somehow worse instrument nothing program bottle behavior tired sat broad fairly major strength daughter front pass
35.04595896,121.93521571,0,Point,competent_montalcini,Aute veniam irure nostrud aute veniam magna.,pool throw flew skill saddle settle tight manufacturing empty beyond guard current tall bring sometime nose closely people poor
-73.19472984,107.14515457,0,Point,sad_tesla,Consequat anim ipsum Lorem deserunt.,known smoke told grow car total bowl connected driver catch bicycle pile football policeman lose frequently soap living frighten
-75.32555308,-87.32744369,0,Point,laughing_ptolemy,Incididunt eiusmod consectetur ullamco et cupidatat eiusmod nostrud voluptate dolor commodo ea exercitation enim.,turn blow arrow iron keep every husband men held shelter fill gift pressure cut natural directly sold cheese muscle
47.07359853,-158.62430642,0,Point,elastic_johnson,Cupidatat deserunt irure quis reprehenderit laboris irure irure aliqua occaecat officia deserunt nostrud.,leader care kids stiff policeman mouth foreign buried needs thin shout sight include thin drink those gold contain upon
69.06601550,-23.11816898,0,Point,sweet_hellman,Reprehenderit veniam aute dolor qui enim ea esse esse anim.,married gulf that cotton shown condition political future pink plural house sunlight pride world given gate spite science still
-64.26419977,81.47614270,0,Point,trusting_banach,Ut fugiat eiusmod dolore sint consectetur qui exercitation deserunt ea cillum adipisicing.,oldest audience equator score bar accurate familiar seeing definition scene pattern chain so here most given you pair particularly
39.15298225,17.71314556,0,Point,keen_driscoll,Consequat incididunt sunt officia occaecat mollit ex irure.,hidden great sheet origin ride sent mostly indicate sharp season dish trade cause direct slow rubber warn long product
-22.88788390,166.09040133,0,Point,quirky_hellman,Adipisicing deserunt anim occaecat voluptate.,ago shut clean spite appearance quite herd pull prevent rear come government deal correct your nose few park cold
-32.52318175,117.83679853,0,Point,brave_elgamal,Deserunt labore labore aliqua reprehenderit nostrud qui aliquip commodo dolor.,primitive still angle sheep careful likely flight name gasoline numeral personal serious sat plan one television weight walk bound
-16.58947499,78.88572385,0,Point,stoic_albattani,Adipisicing pariatur nisi magna eiusmod consectetur quis anim nostrud eu.,full asleep limited lift long growth crop piece meant board copper mainly certainly huge studied done scene environment dream
58.78538917,-76.14652808,0,Point,modest_wilson,Est et ut dolore ut excepteur id culpa.,thou struggle fifth correctly should becoming organized lack naturally is question teeth here studying say cast grandmother taste mood
-85.93849097,101.06989391,0,Point,gifted_hermann,Proident in duis aute exercitation fugiat magna amet irure laboris labore nulla sit quis nostrud.,hospital dawn its model happened division press telephone necessary tape rhythm instant short full lesson lake burst muscle nervous
1.36579387,-103.61623071,0,Point,jolly_perlman,Incididunt sit labore cupidatat fugiat pariatur reprehenderit sunt cupidatat elit aliquip culpa incididunt fugiat.,exchange down fairly pick today usually allow heart forest anything library mix harder hit water join square sleep first
27.94327931,-167.16754824,0,Point,recursing_jones,Non eiusmod amet duis occaecat aute irure occaecat occaecat sunt eu tempor fugiat.,missing reader wore first cattle smoke egg sharp stared equally train living sense listen thy touch control occur period
-4.50124742,-19.48212279,0,Point,epic_almeida,Ipsum et deserunt do ipsum irure anim mollit cupidatat mollit.,heard lady bring more upper thee other two early beat silent soft swing base hay consist doing driven day
59.41847911,148.75087567,0,Point,objective_hamilton,Minim id culpa ea minim excepteur cupidatat quis officia quis velit est dolor.,classroom world income stared sense idea guess garden palace view elephant snow learn bar length known exercise band newspaper
-81.65529465,54.35001267,0,Point,distracted_wiles,Velit nisi occaecat dolore dolore qui labore elit aliquip proident Lorem adipisicing.,accurate certainly plates thy twenty iron would split pay built thick hold trace grandfather range except question wet mathematics
-11.79481089,-165.18009335,0,Point,gallant_matsumoto,Cupidatat laboris do consectetur ut deserunt laborum nisi.,now completely loss before level women castle maybe pen physical positive dried heavy naturally drove beside for allow shine
-79.87975300,-38.97384714,0,Point,inspiring_clarke,Lorem consequat nostrud voluptate et do incididunt irure quis enim reprehenderit minim adipisicing magna aliqua.,rubbed near scene order cake bark blow essential let sentence thin meal early cry task listen use tears cry
-15.52248529,-34.74500187,0,Point,adoring_archimedes,Fugiat ipsum ut reprehenderit sit irure dolore consectetur incididunt laboris ullamco.,therefore fifteen art bar forget birth view art remain willing fire horse market tool type example lose related trouble
-67.32089579,-110.43430804,0,Point,happy_keller,Ullamco aliquip ad commodo occaecat anim veniam dolor eiusmod magna deserunt eiusmod et elit sit.,show secret live mood egg ear cookies vote cool teach tomorrow port rain noise cow asleep hard smallest basis
-63.54516962,88.23573072,0,Point,agitated_raman,Est aute in culpa aliquip amet dolore est.,airplane still clothes our industry mix see hundred type shoulder mine room cutting out you leaving muscle train ship
8.08112287,-157.96944368,0,Point,hopeful_robinson,Duis veniam cillum esse nulla labore culpa duis.,combination engine mainly visit symbol greater plenty saved square little limited grow wife careful flat year oldest happened older
38.32452002,-148.55822068,0,Point,cocky_varahamihira,Dolore ad pariatur quis excepteur proident et ipsum dolor.,clearly probably bad think stretch hole teach almost lonely women column flow seeing similar establish instrument organized start smile
-57.60627298,-135.15968713,0,Point,modest_williams,Consequat voluptate dolor culpa voluptate nisi laborum aliquip nulla qui voluptate.,ought necessary addition therefore when studied quick program plate heat wise grandmother fix season making entirely load wing golden
-37.00748227,16.71002791,0,Point,sharp_jones,Labore dolor est sunt qui fugiat qui exercitation.,therefore ants plan record milk liquid language characteristic shoot gold deeply different wheat length exact read story familiar wealth
-34.22848695,-53.11159972,0,Point,sweet_saha,Minim nostrud adipisicing fugiat minim nulla amet excepteur duis ea cupidatat occaecat dolore pariatur ipsum.,gently became shoulder baseball egg lying scale universe jar title brass numeral funny chain use introduced attention talk has
16.50030913,-138.76435607,0,Point,fervent_heyrovsky,Tempor non ipsum minim laborum ex aute consectetur irure elit elit ad culpa eiusmod.,indicate supply heart refused weak happy movement third none mill chose melted wire understanding map beside tin determine stick
-33.26742520,115.58929067,0,Point,confident_williamson,Incididunt enim elit commodo enim quis est ipsum et duis enim.,difficult whistle whatever open world example quietly bound explore raw gone task afraid limited some noted mouth show see
-32.60029373,-65.67964958,0,Point,modest_almeida,Minim in exercitation irure ullamco velit sint reprehenderit dolor.,exciting large do private vowel quietly furniture thick somehow larger keep breath rod musical forgotten palace actual origin flame
-52.13765988,157.88415269,0,Point,focused_thompson,Excepteur velit nulla anim consequat dolor laboris reprehenderit velit.,ancient merely draw line laugh stay curve clock riding substance sing front clean shoe left basis as atom earn
21.34690042,-27.31942309,0,Point,loving_banach,Ut esse veniam exercitation nulla reprehenderit ea laboris eiusmod sunt nisi sit elit cupidatat occaecat.,fought exercise cup skin river speech avoid road captured locate even sail ran sit number exactly sure give particles
11.22055285,127.08504533,0,Point,musing_shannon,Incididunt minim labore sint sit adipisicing nulla proident proident qui et et enim commodo velit.,lovely position title citizen carry has feel act separate necessary smallest depend pressure diagram start front fear steep income
-34.62648338,-15.05632142,0,Point,ecstatic_goldwasser,Esse culpa commodo do tempor excepteur id veniam labore quis consectetur dolor elit.,join moment brief up some everybody degree city wide command weight gas sat door chosen get travel jump atmosphere
-2.61616085,74.37854272,0,Point,confident_liskov,Culpa fugiat eiusmod ex amet est Lorem laborum id eu minim amet voluptate cillum elit.,younger breath another success simply who temperature leader spirit light outside line shape daily contain war weigh obtain shelter
31.35013260,26.35926321,0,Point,serene_tu,Ad aute sunt sunt consectetur adipisicing velit.,notice song planning thee needed even men lesson somewhere soil shelter nature struggle sat began must truck draw week
-84.87788898,123.82184655,0,Point,compassionate_kare,Sunt nostrud minim ex aute minim officia.,thy knew determine copy breath song screen worried no fog swim along jet fair claws given storm till knew
-22.87761096,122.03694780,0,Point,agitated_visvesvaraya,Non tempor tempor labore aliqua exercitation proident ea esse irure nostrud minim commodo adipisicing.,lost eye neighbor period or him member model yard wear income party passage condition climb moment feet thirty musical
-56.20662983,-112.12790215,0,Point,gracious_williams,Consequat elit do excepteur sint eu dolor voluptate sit sit.,kitchen as lift past remarkable man rush whale ocean world upper naturally bit event replace additional gone difficult mathematics
-45.79330096,-25.71809843,0,Point,festive_tesla,Qui magna ex mollit occaecat nostrud velit irure cupidatat ipsum do duis fugiat.,southern chest go motor neighbor curve space origin solution higher gray parts short merely whenever replace automobile closely put
-8.66632479,-114.77945130,0,Point,nervous_kare,Do labore ex dolor ex.,favorite be slipped wave high raw sale wealth answer value became teach straight consider gather extra passage route lunch
-74.28251030,52.02266362,0,Point,modest_greider,In irure commodo in excepteur eu tempor nisi sit.,butter brain safety grandmother system fear even speech partly slowly fastened seat highest poet daily well public shoulder fox
-25.31782035,96.88388109,0,Point,condescending_saha,Sunt irure Lorem ullamco tempor occaecat et in aliquip in duis aliquip qui sit.,supper today breath slow myself smaller gun obtain dear picture herself clearly wooden little research driver danger forget influence
80.79217088,158.98759778,0,Point,infallible_goldberg,Velit ipsum incididunt id incididunt sit cupidatat velit nulla sint est duis amet.,practice place girl division vegetable condition mood room victory safe circle kitchen electric image cookies satisfied drop grew explain
-8.05378550,112.94331865,0,Point,gallant_kepler,Ut ex cupidatat laborum elit velit cillum.,blanket atom slipped race bare pride cup tent word too pride remarkable effort result without plant appearance become monkey
21.63111585,9.99296106,0,Point,gifted_pare,Enim ea enim irure aliqua aliqua ea adipisicing fugiat dolor non cillum duis.,unhappy fireplace under watch student bring central window bat guide explanation map badly slope till nothing gray opinion chance
